Ville,Surface,Nombre de pièces,Prix,Type de bien
SUPERBE PALAIS MAISON D'HOTE SUR 1 HECTARE,10000.0,100.0,23000000.0,Maison / Villa
Villa Route de Tahanaout de 1340m²,13040.0,100.0,13400000.0,Maison / Villa
Villa d'architecte à vendre sur Golf,7500.0,100.0,19500000.0,Maison / Villa
"***Route Ouarzazate Terrain de 2,7 hectare avec permis de constr",270000.0,10.0,10800000.0,Terrain
Villa indépendante face à l'ATLAS,13000.0,90.0,17000000.0,Maison / Villa
Riad classé avec une vue imprenable sur la Koutoubia à vendre,13580.0,220.0,28640000.0,Riad
Belle villa en première ligne de golf,3400.0,80.0,12000000.0,Maison / Villa
Somptueuse villa moderne route  de Tahanaout,12450.0,120.0,30000000.0,Maison / Villa
**** Villa neuve à deux pas d'Amelkis****,10000.0,90.0,31500000.0,Maison / Villa
Propriété Art déco à proximité du Golf Royal,15000.0,120.0,28000000.0,Maison / Villa
Harmonieux mélange d'une Villa et d'un Riad,11000.0,100.0,40000000.0,Maison / Villa
Magnifique maison d'hôtes de 7 chambres à la Kasbah,5260.0,120.0,18000000.0,Maison / Villa
SUPERBE PALAIS MAISON D'HOTE SUR 1 HECTARE,10000.0,100.0,23000000.0,Maison / Villa
Villa Route de Tahanaout de 1340m²,13040.0,100.0,13400000.0,Maison / Villa
Villa d'architecte à vendre sur Golf,7500.0,100.0,19500000.0,Maison / Villa
"***Route Ouarzazate Terrain de 2,7 hectare avec permis de constr",270000.0,10.0,10800000.0,Terrain
Villa indépendante face à l'ATLAS,13000.0,90.0,17000000.0,Maison / Villa
Riad classé avec une vue imprenable sur la Koutoubia à vendre,13580.0,220.0,28640000.0,Riad
Belle villa en première ligne de golf,3400.0,80.0,12000000.0,Maison / Villa
Somptueuse villa moderne route  de Tahanaout,12450.0,120.0,30000000.0,Maison / Villa
**** Villa neuve à deux pas d'Amelkis****,10000.0,90.0,31500000.0,Maison / Villa
Propriété Art déco à proximité du Golf Royal,15000.0,120.0,28000000.0,Maison / Villa
Harmonieux mélange d'une Villa et d'un Riad,11000.0,100.0,40000000.0,Maison / Villa
Magnifique maison d'hôtes de 7 chambres à la Kasbah,5260.0,120.0,18000000.0,Maison / Villa
SUPERBE PALAIS MAISON D'HOTE SUR 1 HECTARE,10000.0,100.0,23000000.0,Maison / Villa
Villa Route de Tahanaout de 1340m²,13040.0,100.0,13400000.0,Maison / Villa
Villa d'architecte à vendre sur Golf,7500.0,100.0,19500000.0,Maison / Villa
