Ville,Surface,Nombre de pièces,Prix,Type de bien,Lien
SUPERBE PALAIS MAISON D'HOTE SUR 1 HECTARE,1000 m²,10,2 300 000 €,Maison / Villa,https://www.vaneau-maroc.com/fr/bien-immobilier-marrakech-superbe-palais-maison-dhote-sur-1-hectare-514
Villa Route de Tahanaout de 1340m²,1304 m²,10,1 340 000 €,Maison / Villa,https://www.vaneau-maroc.com/fr/bien-immobilier-marrakech-villa-route-de-tahanaout-de-1340m2-925
Villa d'architecte à vendre sur Golf,750 m²,10,1 950 000 €,Maison / Villa,https://www.vaneau-maroc.com/fr/bien-immobilier-marrakech-villa-darchitecte-vendre-sur-golf-810
"***Route Ouarzazate Terrain de 2,7 hectare avec permis de constr",27000 m²,1,1 080 000 €,Terrain,https://www.vaneau-maroc.com/fr/bien-immobilier-marrakech-route-ouarzazate-terrain-de-27-hectare-avec-permis-de-constr-891
Villa indépendante face à l'ATLAS,1300 m²,9,1 700 000 €,Maison / Villa,https://www.vaneau-maroc.com/fr/bien-immobilier-marrakech-villa-independante-face-latlas-62
Riad classé avec une vue imprenable sur la Koutoubia à vendre,1358 m²,22,2 864 000 €,Riad,https://www.vaneau-maroc.com/fr/bien-immobilier-marrakech-riad-classe-avec-une-vue-imprenable-sur-la-koutoubia-vendre-158
Belle villa en première ligne de golf,340 m²,8,1 200 000 €,Maison / Villa,https://www.vaneau-maroc.com/fr/bien-immobilier-marrakech-belle-villa-en-premiere-ligne-de-golf-703
Somptueuse villa moderne route  de Tahanaout,1245 m²,12,3 000 000 €,Maison / Villa,https://www.vaneau-maroc.com/fr/bien-immobilier-marrakech-somptueuse-villa-moderne-route-de-tahanaout-929
**** Villa neuve à deux pas d'Amelkis****,1000 m²,9,3 150 000 €,Maison / Villa,https://www.vaneau-maroc.com/fr/bien-immobilier-marrakech-villa-neuve-deux-pas-damelkis-541
Propriété Art déco à proximité du Golf Royal,1500 m²,12,2 800 000 €,Maison / Villa,https://www.vaneau-maroc.com/fr/bien-immobilier-marrakech-propriete-art-deco-proximite-du-golf-royal-881
Harmonieux mélange d'une Villa et d'un Riad,1100 m²,10,4 000 000 €,Maison / Villa,https://www.vaneau-maroc.com/fr/bien-immobilier-marrakech-harmonieux-melange-dune-villa-et-dun-riad-826
Magnifique maison d'hôtes de 7 chambres à la Kasbah,526 m²,12,1 800 000 €,Maison / Villa,https://www.vaneau-maroc.com/fr/bien-immobilier-marrakech-magnifique-maison-dhotes-de-7-chambres-la-kasbah-629
SUPERBE PALAIS MAISON D'HOTE SUR 1 HECTARE,1000 m²,10,2 300 000 €,Maison / Villa,https://www.vaneau-maroc.com/fr/bien-immobilier-marrakech-superbe-palais-maison-dhote-sur-1-hectare-514
Villa Route de Tahanaout de 1340m²,1304 m²,10,1 340 000 €,Maison / Villa,https://www.vaneau-maroc.com/fr/bien-immobilier-marrakech-villa-route-de-tahanaout-de-1340m2-925
Villa d'architecte à vendre sur Golf,750 m²,10,1 950 000 €,Maison / Villa,https://www.vaneau-maroc.com/fr/bien-immobilier-marrakech-villa-darchitecte-vendre-sur-golf-810
"***Route Ouarzazate Terrain de 2,7 hectare avec permis de constr",27000 m²,1,1 080 000 €,Terrain,https://www.vaneau-maroc.com/fr/bien-immobilier-marrakech-route-ouarzazate-terrain-de-27-hectare-avec-permis-de-constr-891
Villa indépendante face à l'ATLAS,1300 m²,9,1 700 000 €,Maison / Villa,https://www.vaneau-maroc.com/fr/bien-immobilier-marrakech-villa-independante-face-latlas-62
Riad classé avec une vue imprenable sur la Koutoubia à vendre,1358 m²,22,2 864 000 €,Riad,https://www.vaneau-maroc.com/fr/bien-immobilier-marrakech-riad-classe-avec-une-vue-imprenable-sur-la-koutoubia-vendre-158
Belle villa en première ligne de golf,340 m²,8,1 200 000 €,Maison / Villa,https://www.vaneau-maroc.com/fr/bien-immobilier-marrakech-belle-villa-en-premiere-ligne-de-golf-703
Somptueuse villa moderne route  de Tahanaout,1245 m²,12,3 000 000 €,Maison / Villa,https://www.vaneau-maroc.com/fr/bien-immobilier-marrakech-somptueuse-villa-moderne-route-de-tahanaout-929
**** Villa neuve à deux pas d'Amelkis****,1000 m²,9,3 150 000 €,Maison / Villa,https://www.vaneau-maroc.com/fr/bien-immobilier-marrakech-villa-neuve-deux-pas-damelkis-541
Propriété Art déco à proximité du Golf Royal,1500 m²,12,2 800 000 €,Maison / Villa,https://www.vaneau-maroc.com/fr/bien-immobilier-marrakech-propriete-art-deco-proximite-du-golf-royal-881
Harmonieux mélange d'une Villa et d'un Riad,1100 m²,10,4 000 000 €,Maison / Villa,https://www.vaneau-maroc.com/fr/bien-immobilier-marrakech-harmonieux-melange-dune-villa-et-dun-riad-826
Magnifique maison d'hôtes de 7 chambres à la Kasbah,526 m²,12,1 800 000 €,Maison / Villa,https://www.vaneau-maroc.com/fr/bien-immobilier-marrakech-magnifique-maison-dhotes-de-7-chambres-la-kasbah-629
SUPERBE PALAIS MAISON D'HOTE SUR 1 HECTARE,1000 m²,10,2 300 000 €,Maison / Villa,https://www.vaneau-maroc.com/fr/bien-immobilier-marrakech-superbe-palais-maison-dhote-sur-1-hectare-514
Villa Route de Tahanaout de 1340m²,1304 m²,10,1 340 000 €,Maison / Villa,https://www.vaneau-maroc.com/fr/bien-immobilier-marrakech-villa-route-de-tahanaout-de-1340m2-925
Villa d'architecte à vendre sur Golf,750 m²,10,1 950 000 €,Maison / Villa,https://www.vaneau-maroc.com/fr/bien-immobilier-marrakech-villa-darchitecte-vendre-sur-golf-810
